생,명,과,학,부
법,학,부
I,C,T,창,업,학,부
커,뮤,니,케,이,션,학,부
공,간,환,경,시,스,템,공,학,부
I,C,T,창,업,학,부
법,학,부
전,산,전,자,공,학,부
전,산,전,자,공,학,부
콘,텐,츠,융,합,디,자,인,학,부
커,뮤,니,케,이,션,학,부
경,영,경,제,학,부
전,산,전,자,공,학,부
국,제,어,문,학,부
생,명,과,학,부
상,담,심,리,사,회,복,지,학,부
기,계,제,어,공,학,부
법,학,부
전,산,전,자,공,학,부
I,C,T,창,업,학,부
전,산,전,자,공,학,부
국,제,어,문,학,부
I,C,T,창,업,학,부
전,산,전,자,공,학,부
공,간,환,경,시,스,템,공,학,부
국,제,어,문,학,부
경,영,경,제,학,부
상,담,심,리,사,회,복,지,학,부
법,학,부
국,제,어,문,학,부
경,영,경,제,학,부
공,간,환,경,시,스,템,공,학,부
콘,텐,츠,융,합,디,자,인,학,부
경,영,경,제,학,부
전,산,전,자,공,학,부
경,영,경,제,학,부
공,간,환,경,시,스,템,공,학,부
경,영,경,제,학,부
전,산,전,자,공,학,부
국,제,어,문,학,부
전,산,전,자,공,학,부
콘,텐,츠,융,합,디,자,인,학,부
상,담,심,리,사,회,복,지,학,부
상,담,심,리,사,회,복,지,학,부
상,담,심,리,사,회,복,지,학,부
커,뮤,니,케,이,션,학,부
상,담,심,리,사,회,복,지,학,부
공,간,환,경,시,스,템,공,학,부
전,산,전,자,공,학,부
공,간,환,경,시,스,템,공,학,부
글,로,벌,리,더,십,학,부
경,영,경,제,학,부
커,뮤,니,케,이,션,학,부
전,산,전,자,공,학,부
경,영,경,제,학,부
법,학,부
I,C,T,창,업,학,부
전,산,전,자,공,학,부
글,로,벌,리,더,십,학,부
콘,텐,츠,융,합,디,자,인,학,부
생,명,과,학,부
국,제,어,문,학,부
커,뮤,니,케,이,션,학,부
I,C,T,창,업,학,부
전,산,전,자,공,학,부
전,산,전,자,공,학,부
전,산,전,자,공,학,부
경,영,경,제,학,부
공,간,환,경,시,스,템,공,학,부
전,산,전,자,공,학,부
전,산,전,자,공,학,부
전,산,전,자,공,학,부
경,영,경,제,학,부
커,뮤,니,케,이,션,학,부
기,계,제,어,공,학,부
전,산,전,자,공,학,부
콘,텐,츠,융,합,디,자,인,학,부
상,담,심,리,사,회,복,지,학,부
전,산,전,자,공,학,부
커,뮤,니,케,이,션,학,부
상,담,심,리,사,회,복,지,학,부
커,뮤,니,케,이,션,학,부
생,명,과,학,부
전,산,전,자,공,학,부
전,산,전,자,공,학,부
전,산,전,자,공,학,부
콘,텐,츠,융,합,디,자,인,학,부
전,산,전,자,공,학,부
법,학,부
콘,텐,츠,융,합,디,자,인,학,부
I,C,T,창,업,학,부
전,산,전,자,공,학,부
전,산,전,자,공,학,부
경,영,경,제,학,부
기,계,제,어,공,학,부
상,담,심,리,사,회,복,지,학,부
공,간,환,경,시,스,템,공,학,부
콘,텐,츠,융,합,디,자,인,학,부
I,C,T,창,업,학,부
콘,텐,츠,융,합,디,자,인,학,부
전,산,전,자,공,학,부
법,학,부
공,간,환,경,시,스,템,공,학,부
상,담,심,리,사,회,복,지,학,부
I,C,T,창,업,학,부
공,간,환,경,시,스,템,공,학,부
상,담,심,리,사,회,복,지,학,부
전,산,전,자,공,학,부
I,C,T,창,업,학,부
I,C,T,창,업,학,부
기,계,제,어,공,학,부
생,명,과,학,부
글,로,벌,리,더,십,학,부
콘,텐,츠,융,합,디,자,인,학,부
전,산,전,자,공,학,부
기,계,제,어,공,학,부
전,산,전,자,공,학,부
콘,텐,츠,융,합,디,자,인,학,부
콘,텐,츠,융,합,디,자,인,학,부
I,C,T,창,업,학,부
창,의,융,합,교,육,원,(,인,문,사,회,)
상,담,심,리,사,회,복,지,학,부
상,담,심,리,사,회,복,지,학,부
공,간,환,경,시,스,템,공,학,부
경,영,경,제,학,부
I,C,T,창,업,학,부
경,영,경,제,학,부
생,명,과,학,부
전,산,전,자,공,학,부
상,담,심,리,사,회,복,지,학,부
전,산,전,자,공,학,부
전,산,전,자,공,학,부
커,뮤,니,케,이,션,학,부
경,영,경,제,학,부
생,명,과,학,부
콘,텐,츠,융,합,디,자,인,학,부
법,학,부
공,간,환,경,시,스,템,공,학,부
생,명,과,학,부
경,영,경,제,학,부
경,영,경,제,학,부
국,제,어,문,학,부
생,명,과,학,부
공,간,환,경,시,스,템,공,학,부
법,학,부
경,영,경,제,학,부
전,산,전,자,공,학,부
I,C,T,창,업,학,부
법,학,부
상,담,심,리,사,회,복,지,학,부
콘,텐,츠,융,합,디,자,인,학,부
커,뮤,니,케,이,션,학,부
기,계,제,어,공,학,부
법,학,부
I,C,T,창,업,학,부
경,영,경,제,학,부
공,간,환,경,시,스,템,공,학,부
커,뮤,니,케,이,션,학,부
상,담,심,리,사,회,복,지,학,부
생,명,과,학,부
생,명,과,학,부
경,영,경,제,학,부
법,학,부
법,학,부
법,학,부
커,뮤,니,케,이,션,학,부
전,산,전,자,공,학,부
콘,텐,츠,융,합,디,자,인,학,부
공,간,환,경,시,스,템,공,학,부
법,학,부
경,영,경,제,학,부
I,C,T,창,업,학,부
경,영,경,제,학,부
전,산,전,자,공,학,부
I,C,T,창,업,학,부
글,로,벌,리,더,십,학,부
전,산,전,자,공,학,부
I,C,T,창,업,학,부
생,명,과,학,부
글,로,벌,리,더,십,학,부
전,산,전,자,공,학,부
콘,텐,츠,융,합,디,자,인,학,부
국,제,어,문,학,부
경,영,경,제,학,부
생,명,과,학,부
전,산,전,자,공,학,부
콘,텐,츠,융,합,디,자,인,학,부
경,영,경,제,학,부
I,C,T,창,업,학,부
법,학,부
글,로,벌,리,더,십,학,부
생,명,과,학,부
전,산,전,자,공,학,부
생,명,과,학,부
커,뮤,니,케,이,션,학,부
공,간,환,경,시,스,템,공,학,부
경,영,경,제,학,부
생,명,과,학,부
법,학,부
상,담,심,리,사,회,복,지,학,부
생,명,과,학,부
콘,텐,츠,융,합,디,자,인,학,부
생,명,과,학,부
경,영,경,제,학,부
상,담,심,리,사,회,복,지,학,부
공,간,환,경,시,스,템,공,학,부
국,제,어,문,학,부
글,로,벌,리,더,십,학,부
전,산,전,자,공,학,부
전,산,전,자,공,학,부
커,뮤,니,케,이,션,학,부
공,간,환,경,시,스,템,공,학,부
상,담,심,리,사,회,복,지,학,부
생,명,과,학,부
커,뮤,니,케,이,션,학,부
상,담,심,리,사,회,복,지,학,부
상,담,심,리,사,회,복,지,학,부
상,담,심,리,사,회,복,지,학,부
공,간,환,경,시,스,템,공,학,부
전,산,전,자,공,학,부
전,산,전,자,공,학,부
전,산,전,자,공,학,부
I,C,T,창,업,학,부
국,제,어,문,학,부
상,담,심,리,사,회,복,지,학,부
법,학,부
전,산,전,자,공,학,부
전,산,전,자,공,학,부
전,산,전,자,공,학,부
I,C,T,창,업,학,부
글,로,벌,리,더,십,학,부
전,산,전,자,공,학,부
국,제,어,문,학,부
전,산,전,자,공,학,부
법,학,부
전,산,전,자,공,학,부
공,간,환,경,시,스,템,공,학,부
생,명,과,학,부
전,산,전,자,공,학,부
경,영,경,제,학,부
글,로,벌,리,더,십,학,부
커,뮤,니,케,이,션,학,부
상,담,심,리,사,회,복,지,학,부
전,산,전,자,공,학,부
콘,텐,츠,융,합,디,자,인,학,부
공,간,환,경,시,스,템,공,학,부
생,명,과,학,부
생,명,과,학,부
전,산,전,자,공,학,부
공,간,환,경,시,스,템,공,학,부
상,담,심,리,사,회,복,지,학,부
전,산,전,자,공,학,부
글,로,벌,리,더,십,학,부
상,담,심,리,사,회,복,지,학,부
커,뮤,니,케,이,션,학,부
커,뮤,니,케,이,션,학,부
전,산,전,자,공,학,부
콘,텐,츠,융,합,디,자,인,학,부
경,영,경,제,학,부
I,C,T,창,업,학,부
상,담,심,리,사,회,복,지,학,부
생,명,과,학,부
I,C,T,창,업,학,부
글,로,벌,리,더,십,학,부
글,로,벌,리,더,십,학,부
경,영,경,제,학,부
I,C,T,창,업,학,부
콘,텐,츠,융,합,디,자,인,학,부
경,영,경,제,학,부
I,C,T,창,업,학,부
전,산,전,자,공,학,부
생,명,과,학,부
전,산,전,자,공,학,부
콘,텐,츠,융,합,디,자,인,학,부
경,영,경,제,학,부
I,C,T,창,업,학,부
경,영,경,제,학,부
글,로,벌,리,더,십,학,부
상,담,심,리,사,회,복,지,학,부
전,산,전,자,공,학,부
경,영,경,제,학,부
국,제,어,문,학,부
I,C,T,창,업,학,부
경,영,경,제,학,부
전,산,전,자,공,학,부
생,명,과,학,부
커,뮤,니,케,이,션,학,부
I,C,T,창,업,학,부
경,영,경,제,학,부
전,산,전,자,공,학,부
전,산,전,자,공,학,부
전,산,전,자,공,학,부
전,산,전,자,공,학,부
전,산,전,자,공,학,부
법,학,부
기,계,제,어,공,학,부
전,산,전,자,공,학,부
상,담,심,리,사,회,복,지,학,부
I,C,T,창,업,학,부
생,명,과,학,부
법,학,부
전,산,전,자,공,학,부
콘,텐,츠,융,합,디,자,인,학,부
글,로,벌,리,더,십,학,부
커,뮤,니,케,이,션,학,부
전,산,전,자,공,학,부
기,계,제,어,공,학,부
경,영,경,제,학,부
전,산,전,자,공,학,부
I,C,T,창,업,학,부
전,산,전,자,공,학,부
공,간,환,경,시,스,템,공,학,부
경,영,경,제,학,부
생,명,과,학,부
경,영,경,제,학,부
전,산,전,자,공,학,부
공,간,환,경,시,스,템,공,학,부
전,산,전,자,공,학,부
콘,텐,츠,융,합,디,자,인,학,부
생,명,과,학,부
공,간,환,경,시,스,템,공,학,부
콘,텐,츠,융,합,디,자,인,학,부
공,간,환,경,시,스,템,공,학,부
상,담,심,리,사,회,복,지,학,부
콘,텐,츠,융,합,디,자,인,학,부
생,명,과,학,부
국,제,어,문,학,부
공,간,환,경,시,스,템,공,학,부
상,담,심,리,사,회,복,지,학,부
생,명,과,학,부
콘,텐,츠,융,합,디,자,인,학,부
공,간,환,경,시,스,템,공,학,부
I,C,T,창,업,학,부
I,C,T,창,업,학,부
국,제,어,문,학,부
I,C,T,창,업,학,부
공,간,환,경,시,스,템,공,학,부
콘,텐,츠,융,합,디,자,인,학,부
국,제,어,문,학,부
생,명,과,학,부
커,뮤,니,케,이,션,학,부
전,산,전,자,공,학,부
커,뮤,니,케,이,션,학,부
I,C,T,창,업,학,부
커,뮤,니,케,이,션,학,부
기,계,제,어,공,학,부
커,뮤,니,케,이,션,학,부
경,영,경,제,학,부
전,산,전,자,공,학,부
글,로,벌,리,더,십,학,부
커,뮤,니,케,이,션,학,부
상,담,심,리,사,회,복,지,학,부
상,담,심,리,사,회,복,지,학,부
커,뮤,니,케,이,션,학,부
국,제,어,문,학,부
경,영,경,제,학,부
상,담,심,리,사,회,복,지,학,부
커,뮤,니,케,이,션,학,부
커,뮤,니,케,이,션,학,부
커,뮤,니,케,이,션,학,부
생,명,과,학,부
국,제,어,문,학,부
공,간,환,경,시,스,템,공,학,부
커,뮤,니,케,이,션,학,부
전,산,전,자,공,학,부
공,간,환,경,시,스,템,공,학,부
법,학,부
I,C,T,창,업,학,부
상,담,심,리,사,회,복,지,학,부
커,뮤,니,케,이,션,학,부
국,제,어,문,학,부
국,제,어,문,학,부
I,C,T,창,업,학,부
법,학,부
공,간,환,경,시,스,템,공,학,부
콘,텐,츠,융,합,디,자,인,학,부
콘,텐,츠,융,합,디,자,인,학,부
전,산,전,자,공,학,부
경,영,경,제,학,부
전,산,전,자,공,학,부
경,영,경,제,학,부
기,계,제,어,공,학,부
콘,텐,츠,융,합,디,자,인,학,부
글,로,벌,리,더,십,학,부
전,산,전,자,공,학,부
I,C,T,창,업,학,부
상,담,심,리,사,회,복,지,학,부
전,산,전,자,공,학,부
생,명,과,학,부
전,산,전,자,공,학,부
전,산,전,자,공,학,부
전,산,전,자,공,학,부
커,뮤,니,케,이,션,학,부
국,제,어,문,학,부
경,영,경,제,학,부
글,로,벌,리,더,십,학,부
상,담,심,리,사,회,복,지,학,부
법,학,부
경,영,경,제,학,부
경,영,경,제,학,부
생,명,과,학,부
경,영,경,제,학,부
전,산,전,자,공,학,부
전,산,전,자,공,학,부
법,학,부
콘,텐,츠,융,합,디,자,인,학,부
I,C,T,창,업,학,부
커,뮤,니,케,이,션,학,부
전,산,전,자,공,학,부
글,로,벌,리,더,십,학,부
상,담,심,리,사,회,복,지,학,부
커,뮤,니,케,이,션,학,부
I,C,T,창,업,학,부
경,영,경,제,학,부
생,명,과,학,부
상,담,심,리,사,회,복,지,학,부
전,산,전,자,공,학,부
국,제,어,문,학,부
커,뮤,니,케,이,션,학,부
커,뮤,니,케,이,션,학,부
국,제,어,문,학,부
공,간,환,경,시,스,템,공,학,부
상,담,심,리,사,회,복,지,학,부
경,영,경,제,학,부
경,영,경,제,학,부
경,영,경,제,학,부
I,C,T,창,업,학,부
커,뮤,니,케,이,션,학,부
공,간,환,경,시,스,템,공,학,부
경,영,경,제,학,부
콘,텐,츠,융,합,디,자,인,학,부
I,C,T,창,업,학,부
콘,텐,츠,융,합,디,자,인,학,부
상,담,심,리,사,회,복,지,학,부
공,간,환,경,시,스,템,공,학,부
상,담,심,리,사,회,복,지,학,부
전,산,전,자,공,학,부
생,명,과,학,부
경,영,경,제,학,부
전,산,전,자,공,학,부
상,담,심,리,사,회,복,지,학,부
I,C,T,창,업,학,부
I,C,T,창,업,학,부
I,C,T,창,업,학,부
법,학,부
상,담,심,리,사,회,복,지,학,부
국,제,어,문,학,부
글,로,벌,리,더,십,학,부
글,로,벌,리,더,십,학,부
전,산,전,자,공,학,부
공,간,환,경,시,스,템,공,학,부
커,뮤,니,케,이,션,학,부
기,계,제,어,공,학,부
공,간,환,경,시,스,템,공,학,부
커,뮤,니,케,이,션,학,부
경,영,경,제,학,부
I,C,T,창,업,학,부
글,로,벌,리,더,십,학,부
생,명,과,학,부
전,산,전,자,공,학,부
상,담,심,리,사,회,복,지,학,부
경,영,경,제,학,부
상,담,심,리,사,회,복,지,학,부
경,영,경,제,학,부
전,산,전,자,공,학,부
경,영,경,제,학,부
경,영,경,제,학,부
국,제,어,문,학,부
생,명,과,학,부
글,로,벌,리,더,십,학,부
I,C,T,창,업,학,부
법,학,부
콘,텐,츠,융,합,디,자,인,학,부
경,영,경,제,학,부
I,C,T,창,업,학,부
I,C,T,창,업,학,부
커,뮤,니,케,이,션,학,부
법,학,부
전,산,전,자,공,학,부
I,C,T,창,업,학,부
콘,텐,츠,융,합,디,자,인,학,부
법,학,부
경,영,경,제,학,부
경,영,경,제,학,부
공,간,환,경,시,스,템,공,학,부
글,로,벌,리,더,십,학,부
생,명,과,학,부
전,산,전,자,공,학,부
글,로,벌,리,더,십,학,부
법,학,부
법,학,부
전,산,전,자,공,학,부
공,간,환,경,시,스,템,공,학,부
I,C,T,창,업,학,부
생,명,과,학,부
기,계,제,어,공,학,부
국,제,어,문,학,부
전,산,전,자,공,학,부
전,산,전,자,공,학,부
경,영,경,제,학,부
경,영,경,제,학,부
법,학,부
국,제,어,문,학,부
커,뮤,니,케,이,션,학,부
공,간,환,경,시,스,템,공,학,부
경,영,경,제,학,부
커,뮤,니,케,이,션,학,부
전,산,전,자,공,학,부
전,산,전,자,공,학,부
커,뮤,니,케,이,션,학,부
생,명,과,학,부
커,뮤,니,케,이,션,학,부
커,뮤,니,케,이,션,학,부
커,뮤,니,케,이,션,학,부
콘,텐,츠,융,합,디,자,인,학,부
전,산,전,자,공,학,부
법,학,부
콘,텐,츠,융,합,디,자,인,학,부
콘,텐,츠,융,합,디,자,인,학,부
상,담,심,리,사,회,복,지,학,부
글,로,벌,리,더,십,학,부
공,간,환,경,시,스,템,공,학,부
글,로,벌,리,더,십,학,부
전,산,전,자,공,학,부
국,제,어,문,학,부
경,영,경,제,학,부
상,담,심,리,사,회,복,지,학,부
생,명,과,학,부
공,간,환,경,시,스,템,공,학,부
국,제,어,문,학,부
콘,텐,츠,융,합,디,자,인,학,부
국,제,어,문,학,부
생,명,과,학,부
경,영,경,제,학,부
법,학,부
국,제,어,문,학,부
전,산,전,자,공,학,부
I,C,T,창,업,학,부
전,산,전,자,공,학,부
생,명,과,학,부
콘,텐,츠,융,합,디,자,인,학,부
공,간,환,경,시,스,템,공,학,부
공,간,환,경,시,스,템,공,학,부
전,산,전,자,공,학,부
I,C,T,창,업,학,부
생,명,과,학,부
커,뮤,니,케,이,션,학,부
국,제,어,문,학,부
상,담,심,리,사,회,복,지,학,부
법,학,부
전,산,전,자,공,학,부
커,뮤,니,케,이,션,학,부
경,영,경,제,학,부
상,담,심,리,사,회,복,지,학,부
전,산,전,자,공,학,부
경,영,경,제,학,부
국,제,어,문,학,부
전,산,전,자,공,학,부
전,산,전,자,공,학,부
상,담,심,리,사,회,복,지,학,부
글,로,벌,리,더,십,학,부
생,명,과,학,부
국,제,어,문,학,부
경,영,경,제,학,부
공,간,환,경,시,스,템,공,학,부
상,담,심,리,사,회,복,지,학,부
전,산,전,자,공,학,부
상,담,심,리,사,회,복,지,학,부
전,산,전,자,공,학,부
커,뮤,니,케,이,션,학,부
전,산,전,자,공,학,부
경,영,경,제,학,부
경,영,경,제,학,부
전,산,전,자,공,학,부
커,뮤,니,케,이,션,학,부
공,간,환,경,시,스,템,공,학,부
경,영,경,제,학,부
커,뮤,니,케,이,션,학,부
공,간,환,경,시,스,템,공,학,부
커,뮤,니,케,이,션,학,부
상,담,심,리,사,회,복,지,학,부
국,제,어,문,학,부
상,담,심,리,사,회,복,지,학,부
국,제,어,문,학,부
생,명,과,학,부
전,산,전,자,공,학,부
생,명,과,학,부
법,학,부
공,간,환,경,시,스,템,공,학,부
상,담,심,리,사,회,복,지,학,부
생,명,과,학,부
전,산,전,자,공,학,부
커,뮤,니,케,이,션,학,부
경,영,경,제,학,부
공,간,환,경,시,스,템,공,학,부
전,산,전,자,공,학,부
공,간,환,경,시,스,템,공,학,부
전,산,전,자,공,학,부
콘,텐,츠,융,합,디,자,인,학,부
상,담,심,리,사,회,복,지,학,부
상,담,심,리,사,회,복,지,학,부
전,산,전,자,공,학,부
I,C,T,창,업,학,부
국,제,어,문,학,부
생,명,과,학,부
전,산,전,자,공,학,부
법,학,부
I,C,T,창,업,학,부
상,담,심,리,사,회,복,지,학,부
상,담,심,리,사,회,복,지,학,부
상,담,심,리,사,회,복,지,학,부
상,담,심,리,사,회,복,지,학,부
I,C,T,창,업,학,부
법,학,부
경,영,경,제,학,부
상,담,심,리,사,회,복,지,학,부
생,명,과,학,부
전,산,전,자,공,학,부
상,담,심,리,사,회,복,지,학,부
생,명,과,학,부
법,학,부
커,뮤,니,케,이,션,학,부
전,산,전,자,공,학,부
생,명,과,학,부
I,C,T,창,업,학,부
커,뮤,니,케,이,션,학,부
전,산,전,자,공,학,부
기,계,제,어,공,학,부
기,계,제,어,공,학,부
생,명,과,학,부
전,산,전,자,공,학,부
경,영,경,제,학,부
생,명,과,학,부
전,산,전,자,공,학,부
전,산,전,자,공,학,부
경,영,경,제,학,부
전,산,전,자,공,학,부
기,계,제,어,공,학,부
기,계,제,어,공,학,부
상,담,심,리,사,회,복,지,학,부
전,산,전,자,공,학,부
상,담,심,리,사,회,복,지,학,부
커,뮤,니,케,이,션,학,부
법,학,부
커,뮤,니,케,이,션,학,부
I,C,T,창,업,학,부
전,산,전,자,공,학,부
콘,텐,츠,융,합,디,자,인,학,부
전,산,전,자,공,학,부
글,로,벌,리,더,십,학,부
콘,텐,츠,융,합,디,자,인,학,부
I,C,T,창,업,학,부
법,학,부
경,영,경,제,학,부
전,산,전,자,공,학,부
상,담,심,리,사,회,복,지,학,부
콘,텐,츠,융,합,디,자,인,학,부
법,학,부
전,산,전,자,공,학,부
경,영,경,제,학,부
커,뮤,니,케,이,션,학,부
전,산,전,자,공,학,부
경,영,경,제,학,부
전,산,전,자,공,학,부
콘,텐,츠,융,합,디,자,인,학,부
전,산,전,자,공,학,부
I,C,T,창,업,학,부
기,계,제,어,공,학,부
전,산,전,자,공,학,부
경,영,경,제,학,부
커,뮤,니,케,이,션,학,부
상,담,심,리,사,회,복,지,학,부
커,뮤,니,케,이,션,학,부
법,학,부
상,담,심,리,사,회,복,지,학,부
글,로,벌,리,더,십,학,부
글,로,벌,리,더,십,학,부
생,명,과,학,부
경,영,경,제,학,부
법,학,부
국,제,어,문,학,부
콘,텐,츠,융,합,디,자,인,학,부
상,담,심,리,사,회,복,지,학,부
공,간,환,경,시,스,템,공,학,부
법,학,부
콘,텐,츠,융,합,디,자,인,학,부
전,산,전,자,공,학,부
글,로,벌,리,더,십,학,부
생,명,과,학,부
I,C,T,창,업,학,부
커,뮤,니,케,이,션,학,부
커,뮤,니,케,이,션,학,부
상,담,심,리,사,회,복,지,학,부
I,C,T,창,업,학,부
기,계,제,어,공,학,부
콘,텐,츠,융,합,디,자,인,학,부
공,간,환,경,시,스,템,공,학,부
전,산,전,자,공,학,부
법,학,부
커,뮤,니,케,이,션,학,부
I,C,T,창,업,학,부
생,명,과,학,부
법,학,부
기,계,제,어,공,학,부
경,영,경,제,학,부
I,C,T,창,업,학,부
공,간,환,경,시,스,템,공,학,부
전,산,전,자,공,학,부
전,산,전,자,공,학,부
커,뮤,니,케,이,션,학,부
콘,텐,츠,융,합,디,자,인,학,부
경,영,경,제,학,부
경,영,경,제,학,부
콘,텐,츠,융,합,디,자,인,학,부
공,간,환,경,시,스,템,공,학,부
전,산,전,자,공,학,부
전,산,전,자,공,학,부
법,학,부
경,영,경,제,학,부
생,명,과,학,부
경,영,경,제,학,부
경,영,경,제,학,부
경,영,경,제,학,부
콘,텐,츠,융,합,디,자,인,학,부
경,영,경,제,학,부
전,산,전,자,공,학,부
경,영,경,제,학,부
상,담,심,리,사,회,복,지,학,부
콘,텐,츠,융,합,디,자,인,학,부
공,간,환,경,시,스,템,공,학,부
콘,텐,츠,융,합,디,자,인,학,부
콘,텐,츠,융,합,디,자,인,학,부
글,로,벌,리,더,십,학,부
상,담,심,리,사,회,복,지,학,부
커,뮤,니,케,이,션,학,부
국,제,어,문,학,부
콘,텐,츠,융,합,디,자,인,학,부
기,계,제,어,공,학,부
공,간,환,경,시,스,템,공,학,부
I,C,T,창,업,학,부
전,산,전,자,공,학,부
국,제,어,문,학,부
상,담,심,리,사,회,복,지,학,부
전,산,전,자,공,학,부
전,산,전,자,공,학,부
전,산,전,자,공,학,부
상,담,심,리,사,회,복,지,학,부
경,영,경,제,학,부
상,담,심,리,사,회,복,지,학,부
전,산,전,자,공,학,부
법,학,부
공,간,환,경,시,스,템,공,학,부
전,산,전,자,공,학,부
커,뮤,니,케,이,션,학,부
글,로,벌,리,더,십,학,부
전,산,전,자,공,학,부
I,C,T,창,업,학,부
커,뮤,니,케,이,션,학,부
I,C,T,창,업,학,부
경,영,경,제,학,부
기,계,제,어,공,학,부
전,산,전,자,공,학,부
전,산,전,자,공,학,부
I,C,T,창,업,학,부
I,C,T,창,업,학,부
법,학,부
공,간,환,경,시,스,템,공,학,부
전,산,전,자,공,학,부
법,학,부
생,명,과,학,부
생,명,과,학,부
상,담,심,리,사,회,복,지,학,부
상,담,심,리,사,회,복,지,학,부
경,영,경,제,학,부
생,명,과,학,부
I,C,T,창,업,학,부
전,산,전,자,공,학,부
상,담,심,리,사,회,복,지,학,부
생,명,과,학,부
상,담,심,리,사,회,복,지,학,부
커,뮤,니,케,이,션,학,부
경,영,경,제,학,부
콘,텐,츠,융,합,디,자,인,학,부
콘,텐,츠,융,합,디,자,인,학,부
커,뮤,니,케,이,션,학,부
전,산,전,자,공,학,부
전,산,전,자,공,학,부
상,담,심,리,사,회,복,지,학,부
커,뮤,니,케,이,션,학,부
공,간,환,경,시,스,템,공,학,부
국,제,어,문,학,부
공,간,환,경,시,스,템,공,학,부
콘,텐,츠,융,합,디,자,인,학,부
경,영,경,제,학,부
공,간,환,경,시,스,템,공,학,부
경,영,경,제,학,부
전,산,전,자,공,학,부
콘,텐,츠,융,합,디,자,인,학,부
글,로,벌,리,더,십,학,부
I,C,T,창,업,학,부
생,명,과,학,부
전,산,전,자,공,학,부
경,영,경,제,학,부
국,제,어,문,학,부
공,간,환,경,시,스,템,공,학,부
법,학,부
경,영,경,제,학,부
전,산,전,자,공,학,부
I,C,T,창,업,학,부
생,명,과,학,부
전,산,전,자,공,학,부
커,뮤,니,케,이,션,학,부
전,산,전,자,공,학,부
커,뮤,니,케,이,션,학,부
상,담,심,리,사,회,복,지,학,부
법,학,부
기,계,제,어,공,학,부
경,영,경,제,학,부
I,C,T,창,업,학,부
공,간,환,경,시,스,템,공,학,부
전,산,전,자,공,학,부
상,담,심,리,사,회,복,지,학,부
공,간,환,경,시,스,템,공,학,부
전,산,전,자,공,학,부
상,담,심,리,사,회,복,지,학,부
공,간,환,경,시,스,템,공,학,부
전,산,전,자,공,학,부
전,산,전,자,공,학,부
콘,텐,츠,융,합,디,자,인,학,부
상,담,심,리,사,회,복,지,학,부
국,제,어,문,학,부
커,뮤,니,케,이,션,학,부
글,로,벌,리,더,십,학,부
생,명,과,학,부
전,산,전,자,공,학,부
커,뮤,니,케,이,션,학,부
전,산,전,자,공,학,부
콘,텐,츠,융,합,디,자,인,학,부
공,간,환,경,시,스,템,공,학,부
전,산,전,자,공,학,부
커,뮤,니,케,이,션,학,부
커,뮤,니,케,이,션,학,부
콘,텐,츠,융,합,디,자,인,학,부
공,간,환,경,시,스,템,공,학,부
공,간,환,경,시,스,템,공,학,부
전,산,전,자,공,학,부
커,뮤,니,케,이,션,학,부
경,영,경,제,학,부
생,명,과,학,부
전,산,전,자,공,학,부
커,뮤,니,케,이,션,학,부
공,간,환,경,시,스,템,공,학,부
상,담,심,리,사,회,복,지,학,부
공,간,환,경,시,스,템,공,학,부
커,뮤,니,케,이,션,학,부
콘,텐,츠,융,합,디,자,인,학,부
법,학,부
생,명,과,학,부
전,산,전,자,공,학,부
커,뮤,니,케,이,션,학,부
전,산,전,자,공,학,부
전,산,전,자,공,학,부
상,담,심,리,사,회,복,지,학,부
국,제,어,문,학,부
상,담,심,리,사,회,복,지,학,부
전,산,전,자,공,학,부
콘,텐,츠,융,합,디,자,인,학,부
상,담,심,리,사,회,복,지,학,부
전,산,전,자,공,학,부
공,간,환,경,시,스,템,공,학,부
공,간,환,경,시,스,템,공,학,부
커,뮤,니,케,이,션,학,부
생,명,과,학,부
생,명,과,학,부
국,제,어,문,학,부
전,산,전,자,공,학,부
전,산,전,자,공,학,부
전,산,전,자,공,학,부
법,학,부
법,학,부
경,영,경,제,학,부
전,산,전,자,공,학,부
상,담,심,리,사,회,복,지,학,부
I,C,T,창,업,학,부
I,C,T,창,업,학,부
국,제,어,문,학,부
글,로,벌,리,더,십,학,부
커,뮤,니,케,이,션,학,부
I,C,T,창,업,학,부
상,담,심,리,사,회,복,지,학,부
법,학,부
상,담,심,리,사,회,복,지,학,부
경,영,경,제,학,부
국,제,어,문,학,부
글,로,벌,리,더,십,학,부
커,뮤,니,케,이,션,학,부
상,담,심,리,사,회,복,지,학,부
국,제,어,문,학,부
생,명,과,학,부
상,담,심,리,사,회,복,지,학,부
글,로,벌,리,더,십,학,부
법,학,부
기,계,제,어,공,학,부
국,제,어,문,학,부
생,명,과,학,부
전,산,전,자,공,학,부
커,뮤,니,케,이,션,학,부
공,간,환,경,시,스,템,공,학,부
전,산,전,자,공,학,부
전,산,전,자,공,학,부
생,명,과,학,부
커,뮤,니,케,이,션,학,부
상,담,심,리,사,회,복,지,학,부
전,산,전,자,공,학,부
기,계,제,어,공,학,부
전,산,전,자,공,학,부
전,산,전,자,공,학,부
경,영,경,제,학,부
생,명,과,학,부
콘,텐,츠,융,합,디,자,인,학,부
생,명,과,학,부
전,산,전,자,공,학,부
전,산,전,자,공,학,부
생,명,과,학,부
커,뮤,니,케,이,션,학,부
국,제,어,문,학,부
커,뮤,니,케,이,션,학,부
법,학,부
상,담,심,리,사,회,복,지,학,부
전,산,전,자,공,학,부
생,명,과,학,부
법,학,부
글,로,벌,리,더,십,학,부
상,담,심,리,사,회,복,지,학,부
생,명,과,학,부
콘,텐,츠,융,합,디,자,인,학,부
생,명,과,학,부
공,간,환,경,시,스,템,공,학,부
I,C,T,창,업,학,부
전,산,전,자,공,학,부
공,간,환,경,시,스,템,공,학,부
커,뮤,니,케,이,션,학,부
공,간,환,경,시,스,템,공,학,부
생,명,과,학,부
상,담,심,리,사,회,복,지,학,부
전,산,전,자,공,학,부
I,C,T,창,업,학,부
경,영,경,제,학,부
경,영,경,제,학,부
글,로,벌,리,더,십,학,부
전,산,전,자,공,학,부
법,학,부
경,영,경,제,학,부
국,제,어,문,학,부
커,뮤,니,케,이,션,학,부
상,담,심,리,사,회,복,지,학,부
커,뮤,니,케,이,션,학,부
I,C,T,창,업,학,부
상,담,심,리,사,회,복,지,학,부
콘,텐,츠,융,합,디,자,인,학,부
공,간,환,경,시,스,템,공,학,부
전,산,전,자,공,학,부
법,학,부
상,담,심,리,사,회,복,지,학,부
전,산,전,자,공,학,부
전,산,전,자,공,학,부
콘,텐,츠,융,합,디,자,인,학,부
상,담,심,리,사,회,복,지,학,부
콘,텐,츠,융,합,디,자,인,학,부
전,산,전,자,공,학,부
경,영,경,제,학,부
전,산,전,자,공,학,부
전,산,전,자,공,학,부
커,뮤,니,케,이,션,학,부
공,간,환,경,시,스,템,공,학,부
콘,텐,츠,융,합,디,자,인,학,부
글,로,벌,리,더,십,학,부
글,로,벌,리,더,십,학,부
공,간,환,경,시,스,템,공,학,부
상,담,심,리,사,회,복,지,학,부
경,영,경,제,학,부
상,담,심,리,사,회,복,지,학,부
상,담,심,리,사,회,복,지,학,부
상,담,심,리,사,회,복,지,학,부
I,C,T,창,업,학,부
생,명,과,학,부
커,뮤,니,케,이,션,학,부
전,산,전,자,공,학,부
글,로,벌,리,더,십,학,부
경,영,경,제,학,부
전,산,전,자,공,학,부
전,산,전,자,공,학,부
경,영,경,제,학,부
콘,텐,츠,융,합,디,자,인,학,부
전,산,전,자,공,학,부
상,담,심,리,사,회,복,지,학,부
콘,텐,츠,융,합,디,자,인,학,부
국,제,어,문,학,부
전,산,전,자,공,학,부
전,산,전,자,공,학,부
경,영,경,제,학,부
글,로,벌,리,더,십,학,부
전,산,전,자,공,학,부
글,로,벌,리,더,십,학,부
I,C,T,창,업,학,부
I,C,T,창,업,학,부
상,담,심,리,사,회,복,지,학,부
전,산,전,자,공,학,부
국,제,어,문,학,부
I,C,T,창,업,학,부
생,명,과,학,부
생,명,과,학,부
커,뮤,니,케,이,션,학,부
I,C,T,창,업,학,부
I,C,T,창,업,학,부
전,산,전,자,공,학,부
법,학,부
경,영,경,제,학,부
국,제,어,문,학,부
경,영,경,제,학,부
글,로,벌,리,더,십,학,부
콘,텐,츠,융,합,디,자,인,학,부
커,뮤,니,케,이,션,학,부
전,산,전,자,공,학,부
상,담,심,리,사,회,복,지,학,부
전,산,전,자,공,학,부
생,명,과,학,부
커,뮤,니,케,이,션,학,부
법,학,부
경,영,경,제,학,부
공,간,환,경,시,스,템,공,학,부
경,영,경,제,학,부
경,영,경,제,학,부
전,산,전,자,공,학,부
국,제,어,문,학,부
공,간,환,경,시,스,템,공,학,부
커,뮤,니,케,이,션,학,부
기,계,제,어,공,학,부
공,간,환,경,시,스,템,공,학,부
전,산,전,자,공,학,부
전,산,전,자,공,학,부
전,산,전,자,공,학,부
전,산,전,자,공,학,부
공,간,환,경,시,스,템,공,학,부
경,영,경,제,학,부
경,영,경,제,학,부
커,뮤,니,케,이,션,학,부
국,제,어,문,학,부
전,산,전,자,공,학,부
전,산,전,자,공,학,부
생,명,과,학,부
I,C,T,창,업,학,부
상,담,심,리,사,회,복,지,학,부
전,산,전,자,공,학,부
생,명,과,학,부
생,명,과,학,부
경,영,경,제,학,부
콘,텐,츠,융,합,디,자,인,학,부
상,담,심,리,사,회,복,지,학,부
경,영,경,제,학,부
전,산,전,자,공,학,부
전,산,전,자,공,학,부
공,간,환,경,시,스,템,공,학,부
상,담,심,리,사,회,복,지,학,부
국,제,어,문,학,부
전,산,전,자,공,학,부
전,산,전,자,공,학,부
콘,텐,츠,융,합,디,자,인,학,부
공,간,환,경,시,스,템,공,학,부
공,간,환,경,시,스,템,공,학,부
생,명,과,학,부
국,제,어,문,학,부
상,담,심,리,사,회,복,지,학,부
전,산,전,자,공,학,부
커,뮤,니,케,이,션,학,부
법,학,부
I,C,T,창,업,학,부
콘,텐,츠,융,합,디,자,인,학,부
상,담,심,리,사,회,복,지,학,부
상,담,심,리,사,회,복,지,학,부
전,산,전,자,공,학,부
상,담,심,리,사,회,복,지,학,부
생,명,과,학,부
경,영,경,제,학,부
전,산,전,자,공,학,부
기,계,제,어,공,학,부
경,영,경,제,학,부
생,명,과,학,부
상,담,심,리,사,회,복,지,학,부
기,계,제,어,공,학,부
전,산,전,자,공,학,부
커,뮤,니,케,이,션,학,부
콘,텐,츠,융,합,디,자,인,학,부
전,산,전,자,공,학,부
전,산,전,자,공,학,부
콘,텐,츠,융,합,디,자,인,학,부
전,산,전,자,공,학,부
경,영,경,제,학,부
전,산,전,자,공,학,부
법,학,부
전,산,전,자,공,학,부
경,영,경,제,학,부
경,영,경,제,학,부
법,학,부
경,영,경,제,학,부
경,영,경,제,학,부
경,영,경,제,학,부
커,뮤,니,케,이,션,학,부
전,산,전,자,공,학,부
I,C,T,창,업,학,부
공,간,환,경,시,스,템,공,학,부
생,명,과,학,부
콘,텐,츠,융,합,디,자,인,학,부
공,간,환,경,시,스,템,공,학,부
생,명,과,학,부
법,학,부
상,담,심,리,사,회,복,지,학,부
커,뮤,니,케,이,션,학,부
전,산,전,자,공,학,부
국,제,어,문,학,부
커,뮤,니,케,이,션,학,부
I,C,T,창,업,학,부
국,제,어,문,학,부
생,명,과,학,부
전,산,전,자,공,학,부
커,뮤,니,케,이,션,학,부
글,로,벌,리,더,십,학,부
커,뮤,니,케,이,션,학,부
커,뮤,니,케,이,션,학,부
전,산,전,자,공,학,부
콘,텐,츠,융,합,디,자,인,학,부
콘,텐,츠,융,합,디,자,인,학,부
상,담,심,리,사,회,복,지,학,부
전,산,전,자,공,학,부
경,영,경,제,학,부
전,산,전,자,공,학,부
국,제,어,문,학,부
상,담,심,리,사,회,복,지,학,부
생,명,과,학,부
전,산,전,자,공,학,부
공,간,환,경,시,스,템,공,학,부
생,명,과,학,부
전,산,전,자,공,학,부
전,산,전,자,공,학,부
법,학,부
전,산,전,자,공,학,부
공,간,환,경,시,스,템,공,학,부
공,간,환,경,시,스,템,공,학,부
상,담,심,리,사,회,복,지,학,부
법,학,부
전,산,전,자,공,학,부
글,로,벌,리,더,십,학,부
법,학,부
커,뮤,니,케,이,션,학,부
상,담,심,리,사,회,복,지,학,부
커,뮤,니,케,이,션,학,부
경,영,경,제,학,부
전,산,전,자,공,학,부
상,담,심,리,사,회,복,지,학,부
경,영,경,제,학,부
상,담,심,리,사,회,복,지,학,부
공,간,환,경,시,스,템,공,학,부
국,제,어,문,학,부
콘,텐,츠,융,합,디,자,인,학,부
I,C,T,창,업,학,부
공,간,환,경,시,스,템,공,학,부
전,산,전,자,공,학,부
공,간,환,경,시,스,템,공,학,부
전,산,전,자,공,학,부
I,C,T,창,업,학,부
생,명,과,학,부
공,간,환,경,시,스,템,공,학,부
경,영,경,제,학,부
커,뮤,니,케,이,션,학,부
전,산,전,자,공,학,부
전,산,전,자,공,학,부
전,산,전,자,공,학,부
커,뮤,니,케,이,션,학,부
커,뮤,니,케,이,션,학,부
커,뮤,니,케,이,션,학,부
상,담,심,리,사,회,복,지,학,부
생,명,과,학,부
콘,텐,츠,융,합,디,자,인,학,부
콘,텐,츠,융,합,디,자,인,학,부
기,계,제,어,공,학,부
공,간,환,경,시,스,템,공,학,부
전,산,전,자,공,학,부
상,담,심,리,사,회,복,지,학,부
법,학,부
전,산,전,자,공,학,부
전,산,전,자,공,학,부
상,담,심,리,사,회,복,지,학,부
전,산,전,자,공,학,부
상,담,심,리,사,회,복,지,학,부
공,간,환,경,시,스,템,공,학,부
글,로,벌,리,더,십,학,부
커,뮤,니,케,이,션,학,부
전,산,전,자,공,학,부
전,산,전,자,공,학,부
법,학,부
국,제,어,문,학,부
경,영,경,제,학,부
국,제,어,문,학,부
국,제,어,문,학,부
콘,텐,츠,융,합,디,자,인,학,부
커,뮤,니,케,이,션,학,부
상,담,심,리,사,회,복,지,학,부
전,산,전,자,공,학,부
콘,텐,츠,융,합,디,자,인,학,부
생,명,과,학,부
전,산,전,자,공,학,부
법,학,부
법,학,부
국,제,어,문,학,부
생,명,과,학,부
글,로,벌,리,더,십,학,부
상,담,심,리,사,회,복,지,학,부
상,담,심,리,사,회,복,지,학,부
글,로,벌,리,더,십,학,부
기,계,제,어,공,학,부
국,제,어,문,학,부
커,뮤,니,케,이,션,학,부
글,로,벌,리,더,십,학,부
전,산,전,자,공,학,부
법,학,부
공,간,환,경,시,스,템,공,학,부
생,명,과,학,부
상,담,심,리,사,회,복,지,학,부
법,학,부
콘,텐,츠,융,합,디,자,인,학,부
생,명,과,학,부
글,로,벌,리,더,십,학,부
콘,텐,츠,융,합,디,자,인,학,부
I,C,T,창,업,학,부
상,담,심,리,사,회,복,지,학,부
전,산,전,자,공,학,부
상,담,심,리,사,회,복,지,학,부
국,제,어,문,학,부
국,제,어,문,학,부
공,간,환,경,시,스,템,공,학,부
전,산,전,자,공,학,부
국,제,어,문,학,부
전,산,전,자,공,학,부
경,영,경,제,학,부
상,담,심,리,사,회,복,지,학,부
경,영,경,제,학,부
기,계,제,어,공,학,부
전,산,전,자,공,학,부
I,C,T,창,업,학,부
기,계,제,어,공,학,부
국,제,어,문,학,부
콘,텐,츠,융,합,디,자,인,학,부
전,산,전,자,공,학,부
커,뮤,니,케,이,션,학,부
커,뮤,니,케,이,션,학,부
커,뮤,니,케,이,션,학,부
전,산,전,자,공,학,부
공,간,환,경,시,스,템,공,학,부
콘,텐,츠,융,합,디,자,인,학,부
생,명,과,학,부
글,로,벌,리,더,십,학,부
전,산,전,자,공,학,부
기,계,제,어,공,학,부
전,산,전,자,공,학,부
커,뮤,니,케,이,션,학,부
법,학,부
커,뮤,니,케,이,션,학,부
커,뮤,니,케,이,션,학,부
전,산,전,자,공,학,부
국,제,어,문,학,부
상,담,심,리,사,회,복,지,학,부
전,산,전,자,공,학,부
글,로,벌,리,더,십,학,부
국,제,어,문,학,부
전,산,전,자,공,학,부
상,담,심,리,사,회,복,지,학,부
공,간,환,경,시,스,템,공,학,부
경,영,경,제,학,부
공,간,환,경,시,스,템,공,학,부
콘,텐,츠,융,합,디,자,인,학,부
I,C,T,창,업,학,부
국,제,어,문,학,부
전,산,전,자,공,학,부
법,학,부
국,제,어,문,학,부
생,명,과,학,부
공,간,환,경,시,스,템,공,학,부
전,산,전,자,공,학,부
생,명,과,학,부
I,C,T,창,업,학,부
공,간,환,경,시,스,템,공,학,부
생,명,과,학,부
전,산,전,자,공,학,부
콘,텐,츠,융,합,디,자,인,학,부
경,영,경,제,학,부
생,명,과,학,부
I,C,T,창,업,학,부
I,C,T,창,업,학,부
국,제,어,문,학,부
전,산,전,자,공,학,부
전,산,전,자,공,학,부
공,간,환,경,시,스,템,공,학,부
전,산,전,자,공,학,부
I,C,T,창,업,학,부
법,학,부
콘,텐,츠,융,합,디,자,인,학,부
상,담,심,리,사,회,복,지,학,부
전,산,전,자,공,학,부
공,간,환,경,시,스,템,공,학,부
전,산,전,자,공,학,부
글,로,벌,리,더,십,학,부
기,계,제,어,공,학,부
커,뮤,니,케,이,션,학,부
글,로,벌,리,더,십,학,부
생,명,과,학,부
커,뮤,니,케,이,션,학,부
글,로,벌,리,더,십,학,부
전,산,전,자,공,학,부
전,산,전,자,공,학,부
I,C,T,창,업,학,부
커,뮤,니,케,이,션,학,부
기,계,제,어,공,학,부
글,로,벌,리,더,십,학,부
글,로,벌,리,더,십,학,부
상,담,심,리,사,회,복,지,학,부
전,산,전,자,공,학,부
글,로,벌,리,더,십,학,부
전,산,전,자,공,학,부
전,산,전,자,공,학,부
상,담,심,리,사,회,복,지,학,부
전,산,전,자,공,학,부
경,영,경,제,학,부
글,로,벌,리,더,십,학,부
전,산,전,자,공,학,부
상,담,심,리,사,회,복,지,학,부
글,로,벌,리,더,십,학,부
경,영,경,제,학,부
생,명,과,학,부
전,산,전,자,공,학,부
콘,텐,츠,융,합,디,자,인,학,부
전,산,전,자,공,학,부
경,영,경,제,학,부
커,뮤,니,케,이,션,학,부
공,간,환,경,시,스,템,공,학,부
상,담,심,리,사,회,복,지,학,부
공,간,환,경,시,스,템,공,학,부
전,산,전,자,공,학,부
콘,텐,츠,융,합,디,자,인,학,부
커,뮤,니,케,이,션,학,부
콘,텐,츠,융,합,디,자,인,학,부
커,뮤,니,케,이,션,학,부
기,계,제,어,공,학,부
커,뮤,니,케,이,션,학,부
전,산,전,자,공,학,부
콘,텐,츠,융,합,디,자,인,학,부
법,학,부
콘,텐,츠,융,합,디,자,인,학,부
경,영,경,제,학,부
전,산,전,자,공,학,부
전,산,전,자,공,학,부
커,뮤,니,케,이,션,학,부
콘,텐,츠,융,합,디,자,인,학,부
콘,텐,츠,융,합,디,자,인,학,부
전,산,전,자,공,학,부
전,산,전,자,공,학,부
커,뮤,니,케,이,션,학,부
상,담,심,리,사,회,복,지,학,부
전,산,전,자,공,학,부
전,산,전,자,공,학,부
커,뮤,니,케,이,션,학,부
커,뮤,니,케,이,션,학,부
전,산,전,자,공,학,부
공,간,환,경,시,스,템,공,학,부
전,산,전,자,공,학,부
공,간,환,경,시,스,템,공,학,부
상,담,심,리,사,회,복,지,학,부
상,담,심,리,사,회,복,지,학,부
상,담,심,리,사,회,복,지,학,부
경,영,경,제,학,부
생,명,과,학,부
커,뮤,니,케,이,션,학,부
글,로,벌,리,더,십,학,부
전,산,전,자,공,학,부
생,명,과,학,부
전,산,전,자,공,학,부
전,산,전,자,공,학,부
커,뮤,니,케,이,션,학,부
커,뮤,니,케,이,션,학,부
공,간,환,경,시,스,템,공,학,부
법,학,부
법,학,부
공,간,환,경,시,스,템,공,학,부
커,뮤,니,케,이,션,학,부
공,간,환,경,시,스,템,공,학,부
경,영,경,제,학,부
기,계,제,어,공,학,부
생,명,과,학,부
국,제,어,문,학,부
전,산,전,자,공,학,부
경,영,경,제,학,부
법,학,부
생,명,과,학,부
경,영,경,제,학,부
전,산,전,자,공,학,부
상,담,심,리,사,회,복,지,학,부
커,뮤,니,케,이,션,학,부
생,명,과,학,부
I,C,T,창,업,학,부
법,학,부
커,뮤,니,케,이,션,학,부
공,간,환,경,시,스,템,공,학,부
커,뮤,니,케,이,션,학,부
콘,텐,츠,융,합,디,자,인,학,부
상,담,심,리,사,회,복,지,학,부
전,산,전,자,공,학,부
커,뮤,니,케,이,션,학,부
콘,텐,츠,융,합,디,자,인,학,부
경,영,경,제,학,부
상,담,심,리,사,회,복,지,학,부
창,의,융,합,교,육,원,(,인,문,사,회,)
경,영,경,제,학,부
공,간,환,경,시,스,템,공,학,부
콘,텐,츠,융,합,디,자,인,학,부
커,뮤,니,케,이,션,학,부
창,의,융,합,교,육,원,(,인,문,사,회,)
경,영,경,제,학,부
경,영,경,제,학,부
창,의,융,합,교,육,원,(,인,문,사,회,)
I,C,T,창,업,학,부
기,계,제,어,공,학,부
기,계,제,어,공,학,부
상,담,심,리,사,회,복,지,학,부
경,영,경,제,학,부
I,C,T,창,업,학,부
I,C,T,창,업,학,부
전,산,전,자,공,학,부
상,담,심,리,사,회,복,지,학,부
전,산,전,자,공,학,부
콘,텐,츠,융,합,디,자,인,학,부
커,뮤,니,케,이,션,학,부
커,뮤,니,케,이,션,학,부
경,영,경,제,학,부
상,담,심,리,사,회,복,지,학,부
상,담,심,리,사,회,복,지,학,부
전,산,전,자,공,학,부
콘,텐,츠,융,합,디,자,인,학,부
전,산,전,자,공,학,부
I,C,T,창,업,학,부
공,간,환,경,시,스,템,공,학,부
커,뮤,니,케,이,션,학,부
국,제,어,문,학,부
전,산,전,자,공,학,부
경,영,경,제,학,부
전,산,전,자,공,학,부
콘,텐,츠,융,합,디,자,인,학,부
커,뮤,니,케,이,션,학,부
공,간,환,경,시,스,템,공,학,부
공,간,환,경,시,스,템,공,학,부
공,간,환,경,시,스,템,공,학,부
전,산,전,자,공,학,부
전,산,전,자,공,학,부
법,학,부
전,산,전,자,공,학,부
기,계,제,어,공,학,부
전,산,전,자,공,학,부
생,명,과,학,부
국,제,어,문,학,부
글,로,벌,리,더,십,학,부
콘,텐,츠,융,합,디,자,인,학,부
커,뮤,니,케,이,션,학,부
경,영,경,제,학,부
전,산,전,자,공,학,부
글,로,벌,리,더,십,학,부
법,학,부
법,학,부
전,산,전,자,공,학,부
생,명,과,학,부
커,뮤,니,케,이,션,학,부
경,영,경,제,학,부
경,영,경,제,학,부
공,간,환,경,시,스,템,공,학,부
국,제,어,문,학,부
경,영,경,제,학,부
국,제,어,문,학,부
전,산,전,자,공,학,부
공,간,환,경,시,스,템,공,학,부
커,뮤,니,케,이,션,학,부
전,산,전,자,공,학,부
상,담,심,리,사,회,복,지,학,부
전,산,전,자,공,학,부
공,간,환,경,시,스,템,공,학,부
전,산,전,자,공,학,부
상,담,심,리,사,회,복,지,학,부
경,영,경,제,학,부
상,담,심,리,사,회,복,지,학,부
경,영,경,제,학,부
전,산,전,자,공,학,부
상,담,심,리,사,회,복,지,학,부
I,C,T,창,업,학,부
커,뮤,니,케,이,션,학,부
전,산,전,자,공,학,부
경,영,경,제,학,부
전,산,전,자,공,학,부
I,C,T,창,업,학,부
커,뮤,니,케,이,션,학,부
전,산,전,자,공,학,부
전,산,전,자,공,학,부
I,C,T,창,업,학,부
전,산,전,자,공,학,부
콘,텐,츠,융,합,디,자,인,학,부
커,뮤,니,케,이,션,학,부
전,산,전,자,공,학,부
전,산,전,자,공,학,부
경,영,경,제,학,부
경,영,경,제,학,부
콘,텐,츠,융,합,디,자,인,학,부
공,간,환,경,시,스,템,공,학,부
기,계,제,어,공,학,부
글,로,벌,리,더,십,학,부
전,산,전,자,공,학,부
전,산,전,자,공,학,부
전,산,전,자,공,학,부
I,C,T,창,업,학,부
글,로,벌,리,더,십,학,부
콘,텐,츠,융,합,디,자,인,학,부
커,뮤,니,케,이,션,학,부
법,학,부
전,산,전,자,공,학,부
국,제,어,문,학,부
콘,텐,츠,융,합,디,자,인,학,부
전,산,전,자,공,학,부
기,계,제,어,공,학,부
커,뮤,니,케,이,션,학,부
공,간,환,경,시,스,템,공,학,부
상,담,심,리,사,회,복,지,학,부
글,로,벌,리,더,십,학,부
커,뮤,니,케,이,션,학,부
생,명,과,학,부
공,간,환,경,시,스,템,공,학,부
기,계,제,어,공,학,부
법,학,부
상,담,심,리,사,회,복,지,학,부
콘,텐,츠,융,합,디,자,인,학,부
경,영,경,제,학,부
경,영,경,제,학,부
법,학,부
국,제,어,문,학,부
상,담,심,리,사,회,복,지,학,부
전,산,전,자,공,학,부
전,산,전,자,공,학,부
국,제,어,문,학,부
법,학,부
국,제,어,문,학,부
생,명,과,학,부
공,간,환,경,시,스,템,공,학,부
경,영,경,제,학,부
커,뮤,니,케,이,션,학,부
전,산,전,자,공,학,부
공,간,환,경,시,스,템,공,학,부
공,간,환,경,시,스,템,공,학,부
전,산,전,자,공,학,부
경,영,경,제,학,부
전,산,전,자,공,학,부
생,명,과,학,부
커,뮤,니,케,이,션,학,부
전,산,전,자,공,학,부
커,뮤,니,케,이,션,학,부
경,영,경,제,학,부
상,담,심,리,사,회,복,지,학,부
전,산,전,자,공,학,부
커,뮤,니,케,이,션,학,부
글,로,벌,리,더,십,학,부
생,명,과,학,부
글,로,벌,리,더,십,학,부
글,로,벌,리,더,십,학,부
글,로,벌,리,더,십,학,부
글,로,벌,리,더,십,학,부
글,로,벌,리,더,십,학,부
글,로,벌,리,더,십,학,부
글,로,벌,리,더,십,학,부
글,로,벌,리,더,십,학,부
글,로,벌,리,더,십,학,부
전,산,전,자,공,학,부
법,학,부
글,로,벌,리,더,십,학,부
글,로,벌,리,더,십,학,부
글,로,벌,리,더,십,학,부
글,로,벌,리,더,십,학,부
글,로,벌,리,더,십,학,부
글,로,벌,리,더,십,학,부
글,로,벌,리,더,십,학,부
글,로,벌,리,더,십,학,부
글,로,벌,리,더,십,학,부
콘,텐,츠,융,합,디,자,인,학,부
콘,텐,츠,융,합,디,자,인,학,부
상,담,심,리,사,회,복,지,학,부
상,담,심,리,사,회,복,지,학,부
경,영,경,제,학,부
국,제,어,문,학,부
콘,텐,츠,융,합,디,자,인,학,부
창,의,융,합,교,육,원,(,인,문,사,회,)
글,로,벌,리,더,십,학,부
창,의,융,합,교,육,원,(,인,문,사,회,)
글,로,벌,리,더,십,학,부
창,의,융,합,교,육,원,(,인,문,사,회,)
글,로,벌,리,더,십,학,부
창,의,융,합,교,육,원,(,인,문,사,회,)
국,제,어,문,학,부
커,뮤,니,케,이,션,학,부
경,영,경,제,학,부
콘,텐,츠,융,합,디,자,인,학,부
글,로,벌,리,더,십,학,부
글,로,벌,리,더,십,학,부
경,영,경,제,학,부
글,로,벌,리,더,십,학,부
상,담,심,리,사,회,복,지,학,부
경,영,경,제,학,부
경,영,경,제,학,부
I,C,T,창,업,학,부
경,영,경,제,학,부
전,산,전,자,공,학,부
창,의,융,합,교,육,원,(,인,문,사,회,)
창,의,융,합,교,육,원,(,인,문,사,회,)
창,의,융,합,교,육,원,(,인,문,사,회,)
창,의,융,합,교,육,원,(,인,문,사,회,)
창,의,융,합,교,육,원,(,인,문,사,회,)
창,의,융,합,교,육,원,(,인,문,사,회,)
창,의,융,합,교,육,원,(,인,문,사,회,)
커,뮤,니,케,이,션,학,부
생,명,과,학,부
생,명,과,학,부
글,로,벌,리,더,십,학,부
글,로,벌,리,더,십,학,부
상,담,심,리,사,회,복,지,학,부
생,명,과,학,부
창,의,융,합,교,육,원,(,인,문,사,회,)
창,의,융,합,교,육,원,(,인,문,사,회,)
창,의,융,합,교,육,원,(,인,문,사,회,)
경,영,경,제,학,부
경,영,경,제,학,부
글,로,벌,리,더,십,학,부
I,C,T,창,업,학,부
상,담,심,리,사,회,복,지,학,부
글,로,벌,리,더,십,학,부
전,산,전,자,공,학,부
글,로,벌,리,더,십,학,부
국,제,어,문,학,부
기,계,제,어,공,학,부
공,간,환,경,시,스,템,공,학,부
전,산,전,자,공,학,부
I,C,T,창,업,학,부
법,학,부
커,뮤,니,케,이,션,학,부
전,산,전,자,공,학,부
법,학,부
공,간,환,경,시,스,템,공,학,부
커,뮤,니,케,이,션,학,부
콘,텐,츠,융,합,디,자,인,학,부
전,산,전,자,공,학,부
콘,텐,츠,융,합,디,자,인,학,부
생,명,과,학,부
I,C,T,창,업,학,부
커,뮤,니,케,이,션,학,부
생,명,과,학,부
전,산,전,자,공,학,부
I,C,T,창,업,학,부
경,영,경,제,학,부
공,간,환,경,시,스,템,공,학,부
I,C,T,창,업,학,부
법,학,부
공,간,환,경,시,스,템,공,학,부
법,학,부
상,담,심,리,사,회,복,지,학,부
국,제,어,문,학,부
공,간,환,경,시,스,템,공,학,부
커,뮤,니,케,이,션,학,부
생,명,과,학,부
전,산,전,자,공,학,부
공,간,환,경,시,스,템,공,학,부
전,산,전,자,공,학,부
콘,텐,츠,융,합,디,자,인,학,부
기,계,제,어,공,학,부
전,산,전,자,공,학,부
법,학,부
생,명,과,학,부
전,산,전,자,공,학,부
공,간,환,경,시,스,템,공,학,부
I,C,T,창,업,학,부
전,산,전,자,공,학,부
